id,Description,Control,Time_min,PMID,target,sign
102_117,RG7356,Vehicle,30,22777824,AKT1,1
105_117,RG7356,Vehicle,90,22777824,AKT1,1
111_45,BI 4834 (on Mitosis Nocodazole),Mitosis (Nocodazole),15,21857030,PLK1,-1
114_48,Starved,Insulin,NA,21659604,MTOR,-1
117_48,Torin1,Insulin,NA,21659604,MTOR,-1
120_48,Rapamycin,Insulin,NA,21659604,MTOR,-1
1292_272,EGFRi (PD-168393),Control,NA,26060313,EGFR,-1
1293_272,EGFRi (PD-153035),Control,NA,26060313,EGFR,-1
1294_272,ERKi (ERK inhibitor),Control,NA,26060313,MAPK1,-1
1295_272,ERKi (ERK inhibitor II),Control,NA,26060313,MAPK1,-1
1296_272,MEKi (GSK-1120212),Control,NA,26060313,MAP2K1,-1
1296_272,MEKi (GSK-1120212),Control,NA,26060313,MAP2K2,-1
1297_272,MEKi (U0126),Control,NA,26060313,MAP2K1,-1
1297_272,MEKi (U0126),Control,NA,26060313,MAP2K2,-1
1299_272,mTORi (Torin-1),Control,NA,26060313,MTOR,-1
1300_272,P70S6K1i (PF-4708671),Control,NA,26060313,RPS6KB1,-1
1301_272,P70S6K1i (DG2),Control,NA,26060313,RPS6KB1,-1
1302_272,PI3Ki (GDC-0941),Control,NA,26060313,AKT1,-1
1303_272,PI3Ki (PI-103),Control,NA,26060313,AKT1,-1
1304_272,PKCi (Gö-6976),Control,NA,26060313,PRKCA,-1
1305_272,PKCi (BIM-1),Control,NA,26060313,PRKCA,-1
1309_272,ROCKi (Y-27632),Control,NA,26060313,ROCK1,-1
1320_277,Selumetinib (AZD6244),Control,NA,25850435,MAP2K1,-1
1320_277,Selumetinib (AZD6244),Control,NA,25850435,MAP2K2,-1
1321_277,Selumetinib (AZD6244),Control,NA,25850435,MAP2K1,-1
1321_277,Selumetinib (AZD6244),Control,NA,25850435,MAP2K2,-1
1322_277,Selumetinib (AZD6244),Control,NA,25850435,MAP2K1,-1
1322_277,Selumetinib (AZD6244),Control,NA,25850435,MAP2K2,-1
1323_277,Vemurafenib (PLX4032),Control,NA,25850435,BRAF,-1
1324_277,Vemurafenib (PLX4032),Control,NA,25850435,BRAF,-1
1325_277,Vemurafenib (PLX4032),Control,NA,25850435,BRAF,-1
1326_277,Vemurafenib (PLX4032),Selumetinib (AZD6244),NA,25850435,BRAF,-1
1327_277,Vemurafenib (PLX4032),Selumetinib (AZD6244),NA,25850435,BRAF,-1
1328_277,Vemurafenib (PLX4032),Selumetinib (AZD6244),NA,25850435,BRAF,-1
1329_278,anti-CD3 + anti-CD28,Control,15,26546556,PRKCA,1
1329_279,anti-CD3 + anti-CD28,Control,15,26546556,PRKCA,1
1330_278,anti-CD3 + anti-CD28,Control,30,26546556,PRKCA,1
1330_279,anti-CD3 + anti-CD28,Control,30,26546556,PRKCA,1
1331_278,anti-CD3 + anti-CD28,Control,60,26546556,PRKCA,1
1331_279,anti-CD3 + anti-CD28,Control,60,26546556,PRKCA,1
1332_278,anti-CD3 + anti-CD28,Control,120,26546556,PRKCA,1
1332_279,anti-CD3 + anti-CD28,Control,120,26546556,PRKCA,1
15_3,Differentiation (PMA),Undifferentiated (Conditioned medium),30,21406692,PRKCA,1
18_3,Differentiation (PMA),Undifferentiated (Conditioned medium),60,21406692,PRKCA,1
186_57,Crizotinib,Untreated,NA,23898821,ALK,-1
186_60,Crizotinib,Untreated,NA,23898821,ALK,-1
21_3,Differentiation (PMA),Undifferentiated (Conditioned medium),360,21406692,PRKCA,1
240_63,EGF,Untreated,15,19651622,AKT1,1
240_63,EGF,Untreated,15,19651622,BRAF,1
240_63,EGF,Untreated,15,19651622,EGFR,1
240_63,EGF,Untreated,15,19651622,MAP2K2,1
240_63,EGF,Untreated,15,19651622,MAPK1,1
240_63,EGF,Untreated,15,19651622,RAF1,1
240_63,EGF,Untreated,15,19651622,MAP2K1,1
240_63,EGF,Untreated,15,19651622,MAPK3,1
240_66,EGF,Untreated,15,19651622,AKT1,1
240_66,EGF,Untreated,15,19651622,MAP2K2,1
240_66,EGF,Untreated,15,19651622,MAPK1,1
240_66,EGF,Untreated,15,19651622,RAF1,1
240_66,EGF,Untreated,15,19651622,MAP2K1,1
240_66,EGF,Untreated,15,19651622,BRAF,1
240_66,EGF,Untreated,15,19651622,EGFR,1
240_66,EGF,Untreated,15,19651622,MAPK3,1
24_3,Differentiation (PMA),Undifferentiated (Conditioned medium),1440,21406692,PRKCA,1
243_63,EGF + SB202190,Untreated,15,19651622,MAPK14,-1
246_63,EGF + SB202190,EGF,15,19651622,MAPK14,-1
252_66,EGF + U0126,Untreated,15,19651622,MAP2K1,-1
252_66,EGF + U0126,Untreated,15,19651622,MAP2K2,-1
255_66,EGF + U0126,EGF,15,19651622,MAP2K1,-1
255_66,EGF + U0126,EGF,15,19651622,MAP2K2,-1
273_75,Mitosis (MLN8054 0_25 microM),Untreated,NA,21712546,AURKA,-1
276_75,Mitosis (MLN8054 1 microM),Untreated,NA,21712546,AURKA,-1
279_75,Mitosis (MLN8054 5 microM),Untreated,NA,21712546,AURKA,-1
282_75,Mitosis (AZD1152),Untreated,NA,21712546,AURKA,-1
282_75,Mitosis (AZD1152),Untreated,NA,21712546,AURKB,-1
285_75,Mitosis (BI2536),Untreated,NA,21712546,PLK1,-1
288_75,Mitosis (short Taxol + BI2536),Untreated,NA,21712546,PLK1,-1
318_87,anti-CD3,Time 0_5,0,24204825,PRKCA,1
318_93,anti-CD3,Time 0_5,0,24204825,PRKCA,1
321_87,anti-CD3,Time 0_5,5,24204825,PRKCA,1
321_93,anti-CD3,Time 0_5,5,24204825,PRKCA,1
324_87,anti-CD3,Time 0_5,10,24204825,PRKCA,1
327_87,anti-CD3,Time 0_5,20,24204825,PRKCA,1
363_105,LRRK2-IN-1 (Endogenous LRRK2),Untreated,NA,24117733,LRRK2,-1
366_108,LRRK2-IN-1 (LRRK2 overexpression),Untreated,NA,24117733,LRRK2,-1
369_111,PLK1 Inhibitor (G2r - BI2536 - 30m),Untreated,NA,23612710,PLK1,-1
372_111,PLK1 Inhibitor (G2r - BI2536 - 120m),Untreated,NA,23612710,PLK1,-1
375_111,PLK1 Inhibitor (G2r - BI2536 - 240m),Untreated,NA,23612710,PLK1,-1
378_111,PLK1 Inhibitor (G2nr - BI2536 - 360m),Untreated,NA,23612710,PLK1,-1
390_120,DNA damage (Etoposide),Untreated,NA,22424773,ATR,1
390_120,DNA damage (Etoposide),Untreated,NA,22424773,ATM,1
399_129,DNA damage (Ionizing radiation),Untreated,NA,22424773,ATM,1
399_129,DNA damage (Ionizing radiation),Untreated,NA,22424773,ATR,1
405_132,Dasatinib (50 nM),Untreated,NA,19651622,MAPK1,-1
405_132,Dasatinib (50 nM),Untreated,NA,19651622,MAPK3,-1
405_132,Dasatinib (50 nM),Untreated,NA,19651622,LCK,-1
405_132,Dasatinib (50 nM),Untreated,NA,19651622,ABL1,-1
408_132,Dasatinib (50 nM),Dasatinib (5 nM),NA,19651622,MAPK1,-1
408_132,Dasatinib (50 nM),Dasatinib (5 nM),NA,19651622,MAPK3,-1
408_132,Dasatinib (50 nM),Dasatinib (5 nM),NA,19651622,LCK,-1
408_132,Dasatinib (50 nM),Dasatinib (5 nM),NA,19651622,ABL1,-1
411_141,VEGF,Untreated,10,23592840,FLT4,1
411_141,VEGF,Untreated,10,23592840,FLT1,1
414_141,VEGF,Untreated,20,23592840,FLT4,1
414_141,VEGF,Untreated,20,23592840,FLT1,1
417_141,VEGF,Untreated,30,23592840,FLT4,1
417_141,VEGF,Untreated,30,23592840,FLT1,1
420_141,VEGF,Untreated,60,23592840,FLT4,1
420_141,VEGF,Untreated,60,23592840,FLT1,1
423_141,Sorafinib,Untreated,NA,23592840,BRAF,-1
423_141,Sorafinib,Untreated,NA,23592840,RAF1,-1
423_141,Sorafinib,Untreated,NA,23592840,PDGFRB,-1
423_141,Sorafinib,Untreated,NA,23592840,FLT1,-1
423_141,Sorafinib,Untreated,NA,23592840,FLT4,-1
426_144,EGF,Untreated,10,22210691,AKT1,1
426_144,EGF,Untreated,10,22210691,MAPK1,1
426_144,EGF,Untreated,10,22210691,EGFR,1
426_144,EGF,Untreated,10,22210691,MAP2K1,1
426_144,EGF,Untreated,10,22210691,BRAF,1
426_144,EGF,Untreated,10,22210691,RAF1,1
426_144,EGF,Untreated,10,22210691,MAP2K2,1
426_144,EGF,Untreated,10,22210691,MAPK3,1
426_153,EGF,Untreated,10,22210691,AKT1,1
426_153,EGF,Untreated,10,22210691,MAP2K2,1
426_153,EGF,Untreated,10,22210691,MAPK1,1
426_153,EGF,Untreated,10,22210691,RAF1,1
426_153,EGF,Untreated,10,22210691,EGFR,1
426_153,EGF,Untreated,10,22210691,MAP2K1,1
426_153,EGF,Untreated,10,22210691,BRAF,1
426_153,EGF,Untreated,10,22210691,MAPK3,1
429_144,EGF,Untreated,1440,22210691,AKT1,1
429_144,EGF,Untreated,1440,22210691,RAF1,1
429_144,EGF,Untreated,1440,22210691,MAP2K2,1
429_144,EGF,Untreated,1440,22210691,MAPK1,1
429_144,EGF,Untreated,1440,22210691,EGFR,1
429_144,EGF,Untreated,1440,22210691,MAP2K1,1
429_144,EGF,Untreated,1440,22210691,BRAF,1
429_144,EGF,Untreated,1440,22210691,MAPK3,1
429_153,EGF,Untreated,1440,22210691,RAF1,1
429_153,EGF,Untreated,1440,22210691,MAPK1,1
429_153,EGF,Untreated,1440,22210691,MAP2K2,1
429_153,EGF,Untreated,1440,22210691,BRAF,1
429_153,EGF,Untreated,1440,22210691,MAPK3,1
429_153,EGF,Untreated,1440,22210691,EGFR,1
429_153,EGF,Untreated,1440,22210691,MAP2K1,1
429_153,EGF,Untreated,1440,22210691,AKT1,1
474_177,Iloprost (5 nM),Vehicle,0.16,24324209,PRKACA,1
477_177,Iloprost (5 nM),Vehicle,0.5,24324209,PRKACA,1
480_177,Iloprost (5 nM),Vehicle,1,24324209,PRKACA,1
483_180,Quizartinib,AML cell lines,NA,24247654,FLT3,-1
483_180,Quizartinib,AML cell lines,NA,24247654,PDGFRA,-1
483_183,Quizartinib,AML cell lines,NA,24247654,FLT3,-1
483_183,Quizartinib,AML cell lines,NA,24247654,PDGFRA,-1
696_222,ATR inhibitor (VE-821),Control,NA,25003641,ATR,-1
702_225,PIK3CA activation (H1047R) + inhibitor,Control,NA,25247763,AKT1,1
714_78,EGF,Untreated,5,21955146,MAPK3,1
714_78,EGF,Untreated,5,21955146,MAPK1,1
714_78,EGF,Untreated,5,21955146,RAF1,1
714_78,EGF,Untreated,5,21955146,AKT1,1
714_78,EGF,Untreated,5,21955146,MAP2K2,1
714_78,EGF,Untreated,5,21955146,BRAF,1
714_78,EGF,Untreated,5,21955146,MAP2K1,1
714_78,EGF,Untreated,5,21955146,EGFR,1
72_138,G1_S (Thymidine),Async cells,0,20068231,ATM,1
72_138,G1_S (Thymidine),Async cells,0,20068231,ATR,1
72_72,G1_S (Thymidine),Async cells,0,18669648,ATM,1
72_72,G1_S (Thymidine),Async cells,0,18669648,ATR,1
81_138,Early S (Thymidine),Async cells,150,20068231,ATM,1
81_138,Early S (Thymidine),Async cells,150,20068231,ATR,1
84_138,Late S (Thymidine),Async cells,330,20068231,ATR,1
84_138,Late S (Thymidine),Async cells,330,20068231,ATM,1
96_36,Erlotinib,Untreated,0,22115753,EGFR,-1
99_36,Gefitinib,Untreated,0,22115753,EGFR,-1
