statistic	source	condition	score	p_value
ptmsea	RPS6KA3	102_117	0.3209	0.8214
ptmsea	PRKD1	102_117	-1.7796	0.1489
ptmsea	PLK1	102_117	-2.1092	0.1176
ptmsea	PRKCI	102_117	-2.9308	0.01
ptmsea	PRKACA	102_117	-0.8396	0.5185
ptmsea	PAK1	102_117	-1.291	0.2683
ptmsea	RPS6KA1	102_117	1.3667	0.3125
ptmsea	RPS6KB1	102_117	1.1793	0.2791
ptmsea	MAPK14	102_117	1.4163	0.2439
ptmsea	MTOR	102_117	3.0809	0.01
ptmsea	MAPKAPK2	102_117	2.2388	0.0204
ptmsea	MAPK9	102_117	2.6602	0.01
ptmsea	MAPK8	102_117	1.7961	0.1522
ptmsea	GSK3B	102_117	4.4357	0.01
ptmsea	MAPK1	102_117	2.6468	0.0351
ptmsea	MAPK3	102_117	2.7703	0.01
ptmsea	CSNK2A1	102_117	-2.7007	0.0204
ptmsea	CHEK1	102_117	0.2484	0.82
ptmsea	CDK6	102_117	1.0129	0.4231
ptmsea	CDK5	102_117	2.3481	0.06
ptmsea	CDK4	102_117	0.6029	0.7115
ptmsea	CDK3	102_117	3.4661	0.01
ptmsea	CDK2	102_117	1.6557	0.2963
ptmsea	CDK1	102_117	0.3779	0.75
ptmsea	CDC7	102_117	-1.2818	0.3125
ptmsea	AURKB	102_117	-2.4034	0.01
ptmsea	ATR	102_117	0.6954	0.6207
ptmsea	ATM	102_117	1.4581	0.1778
ptmsea	PRKAA1	102_117	-0.6929	0.678
ptmsea	AKT2	102_117	1.5032	0.25
ptmsea	AKT1	102_117	-0.4677	0.8293
