statistic	source	condition	score	p_value
ptmsea	RPS6KA3	105_117	3.3017	0.01
ptmsea	PRKD1	105_117	-0.4403	0.6667
ptmsea	PLK1	105_117	-3.6864	0.01
ptmsea	PRKCI	105_117	-2.5045	0.02
ptmsea	PRKACA	105_117	1.6797	0.2
ptmsea	PAK1	105_117	-1.101	0.3922
ptmsea	RPS6KA1	105_117	3.0822	0.01
ptmsea	RPS6KB1	105_117	1.7065	0.1538
ptmsea	MAPK14	105_117	2.9482	0.01
ptmsea	MTOR	105_117	1.7348	0.2245
ptmsea	MAPKAPK2	105_117	4.1006	0.01
ptmsea	MAPK9	105_117	3.5218	0.01
ptmsea	MAPK8	105_117	3.1221	0.01
ptmsea	GSK3B	105_117	3.6963	0.01
ptmsea	MAPK1	105_117	2.4879	0.0185
ptmsea	MAPK3	105_117	2.5456	0.0208
ptmsea	CSNK2A1	105_117	-2.8455	0.01
ptmsea	CHEK1	105_117	-1.4035	0.2414
ptmsea	CDK6	105_117	0.7884	0.4884
ptmsea	CDK5	105_117	1.9901	0.1163
ptmsea	CDK4	105_117	0.6974	0.5294
ptmsea	CDK3	105_117	2.5224	0.0179
ptmsea	CDK2	105_117	1.2247	0.3404
ptmsea	CDK1	105_117	-2.0688	0.0638
ptmsea	AURKB	105_117	-2.074	0.0385
ptmsea	ATR	105_117	1.6661	0.2143
ptmsea	ATM	105_117	1.7068	0.2115
ptmsea	PRKAA1	105_117	1.2541	0.3077
ptmsea	AKT1	105_117	0.4573	0.7143
