statistic	source	condition	score	p_value
ptmsea	PRKD1	1288_272	1.7173	0.0417
ptmsea	PRKACA	1288_272	2.6768	0.0238
ptmsea	PAK1	1288_272	-1.1557	0.3333
ptmsea	RPS6KB1	1288_272	2.7394	0.0189
ptmsea	MTOR	1288_272	-1.5729	0.2414
ptmsea	MAPKAPK2	1288_272	2.7607	0.01
ptmsea	GSK3B	1288_272	-2.6557	0.0816
ptmsea	MAPK1	1288_272	-1.6724	0.1154
ptmsea	MAPK3	1288_272	-0.1223	0.8936
ptmsea	CSNK2A1	1288_272	-0.4493	0.7872
ptmsea	CDK5	1288_272	3.2663	0.0185
ptmsea	CDK2	1288_272	2.8422	0.01
ptmsea	CDK1	1288_272	0.7168	0.6552
ptmsea	AKT1	1288_272	2.8349	0.01
