statistic	source	condition	score	p_value
ptmsea	PRKD1	1289_272	2.1409	0.0851
ptmsea	PRKACA	1289_272	2.3648	0.0351
ptmsea	PAK1	1289_272	0.207	0.8444
ptmsea	RPS6KB1	1289_272	2.9986	0.0392
ptmsea	MTOR	1289_272	-0.9503	0.4667
ptmsea	MAPKAPK2	1289_272	2.9595	0.01
ptmsea	GSK3B	1289_272	-1.5721	0.2174
ptmsea	MAPK1	1289_272	-0.8188	0.5306
ptmsea	MAPK3	1289_272	-1.0261	0.4423
ptmsea	CSNK2A1	1289_272	-0.4447	0.7143
ptmsea	CDK5	1289_272	2.1421	0.0408
ptmsea	CDK2	1289_272	0.1933	0.8269
ptmsea	CDK1	1289_272	-1.266	0.25
ptmsea	AKT1	1289_272	2.1773	0.0196
