statistic	source	condition	score	p_value
ptmsea	PRKD1	1290_272	1.6272	0.1489
ptmsea	PRKACA	1290_272	2.3009	0.01
ptmsea	PAK1	1290_272	-1.7063	0.22
ptmsea	RPS6KB1	1290_272	-0.5325	0.5918
ptmsea	MTOR	1290_272	-1.6982	0.1731
ptmsea	MAPKAPK2	1290_272	3.6884	0.01
ptmsea	GSK3B	1290_272	-2.4496000000000002	0.0909
ptmsea	MAPK1	1290_272	-2.7096	0.0566
ptmsea	MAPK3	1290_272	-0.6375	0.5965
ptmsea	CSNK2A1	1290_272	-1.1153	0.3704
ptmsea	CDK5	1290_272	2.2219	0.0208
ptmsea	CDK2	1290_272	0.006	1
ptmsea	CDK1	1290_272	-2.5004	0.0408
ptmsea	AKT1	1290_272	2.6249	0.01
