statistic	source	condition	score	p_value
ptmsea	PRKD1	1291_272	1.8781	0.01
ptmsea	PRKACA	1291_272	3.3935	0.01
ptmsea	PAK1	1291_272	1.8967	0.1667
ptmsea	RPS6KB1	1291_272	3.1134	0.01
ptmsea	MTOR	1291_272	0.5065	0.6949
ptmsea	MAPKAPK2	1291_272	2.7035	0.01
ptmsea	GSK3B	1291_272	-3.1066	0.01
ptmsea	MAPK1	1291_272	-2.8053	0.0351
ptmsea	MAPK3	1291_272	-2.3429	0.0357
ptmsea	CSNK2A1	1291_272	-0.9037	0.5
ptmsea	CDK5	1291_272	2.1354	0.01
ptmsea	CDK2	1291_272	0.0322	0.9787
ptmsea	CDK1	1291_272	-2.8208	0.01
ptmsea	AKT1	1291_272	2.5046	0.01
