statistic	source	condition	score	p_value
ptmsea	PRKD1	1292_272	0.8436	0.5417
ptmsea	PRKACA	1292_272	3.1185	0.01
ptmsea	PAK1	1292_272	1.2506	0.3617
ptmsea	RPS6KB1	1292_272	1.1212	0.3913
ptmsea	MTOR	1292_272	1.9552	0.1224
ptmsea	MAPKAPK2	1292_272	2.4651	0.01
ptmsea	GSK3B	1292_272	-1.7625	0.1525
ptmsea	MAPK1	1292_272	-1.379	0.2609
ptmsea	MAPK3	1292_272	-1.8681	0.1321
ptmsea	CSNK2A1	1292_272	-1.1989	0.3774
ptmsea	CDK5	1292_272	2.2068	0.0323
ptmsea	CDK2	1292_272	-1.5853	0.2264
ptmsea	CDK1	1292_272	-1.6791	0.1538
ptmsea	AKT1	1292_272	2.6516	0.01
