statistic	source	condition	score	p_value
ptmsea	PRKD1	1293_272	2.0108	0.0625
ptmsea	PRKACA	1293_272	3.3785	0.01
ptmsea	PAK1	1293_272	-0.4253	0.6939
ptmsea	RPS6KB1	1293_272	0.8955	0.537
ptmsea	MTOR	1293_272	-1.4611	0.2653
ptmsea	MAPKAPK2	1293_272	2.6067	0.01
ptmsea	GSK3B	1293_272	-1.9592	0.0952
ptmsea	MAPK1	1293_272	-1.7924	0.2083
ptmsea	MAPK3	1293_272	-0.6463	0.7091
ptmsea	CSNK2A1	1293_272	0.2022	0.9286
ptmsea	CDK5	1293_272	2.5729	0.0192
ptmsea	CDK2	1293_272	4.553	0.01
ptmsea	CDK1	1293_272	-0.536	0.75
ptmsea	AKT1	1293_272	2.2745	0.01
