statistic	source	condition	score	p_value
ptmsea	PRKD1	1294_272	2.1132	0.01
ptmsea	PRKACA	1294_272	2.948	0.01
ptmsea	PAK1	1294_272	-1.1355	0.3488
ptmsea	RPS6KB1	1294_272	-0.3354	0.7679
ptmsea	MTOR	1294_272	-1.683	0.1463
ptmsea	MAPKAPK2	1294_272	3.122	0.01
ptmsea	GSK3B	1294_272	-0.0358	0.9153
ptmsea	MAPK1	1294_272	-2.5896	0.01
ptmsea	MAPK3	1294_272	-1.759	0.275
ptmsea	CSNK2A1	1294_272	-0.7559	0.6415
ptmsea	CDK5	1294_272	2.7026	0.01
ptmsea	CDK2	1294_272	3.3074	0.01
ptmsea	CDK1	1294_272	-1.5137	0.2549
ptmsea	AKT1	1294_272	2.7426	0.01
