statistic	source	condition	score	p_value
ptmsea	PRKD1	1295_272	1.6386	0.1957
ptmsea	PRKACA	1295_272	1.5021	0.2083
ptmsea	PAK1	1295_272	0.58	0.72
ptmsea	RPS6KB1	1295_272	-2.2622	0.04
ptmsea	MTOR	1295_272	-0.398	0.7609
ptmsea	MAPKAPK2	1295_272	2.0125	0.01
ptmsea	GSK3B	1295_272	-2.1832	0.0408
ptmsea	MAPK1	1295_272	0.2771	0.8
ptmsea	MAPK3	1295_272	-0.4724	0.6724
ptmsea	CSNK2A1	1295_272	-2.7311	0.01
ptmsea	CDK5	1295_272	1.9491	0.1091
ptmsea	CDK2	1295_272	-3.1356	0.01
ptmsea	CDK1	1295_272	-3.5749	0.01
ptmsea	AKT1	1295_272	2.4183	0.01
