statistic	source	condition	score	p_value
ptmsea	PRKD1	1296_272	0.8089	0.54
ptmsea	PRKACA	1296_272	2.7016	0.01
ptmsea	PAK1	1296_272	0.3567	0.7255
ptmsea	RPS6KB1	1296_272	1.2606	0.375
ptmsea	MTOR	1296_272	-0.3688	0.7959
ptmsea	MAPKAPK2	1296_272	1.9551	0.0652
ptmsea	GSK3B	1296_272	-0.7087	0.7021
ptmsea	MAPK1	1296_272	-0.8774	0.54
ptmsea	MAPK3	1296_272	-0.1755	0.9375
ptmsea	CSNK2A1	1296_272	-2.5781	0.01
ptmsea	CDK5	1296_272	1.8477	0.0222
ptmsea	CDK2	1296_272	1.561	0.22
ptmsea	CDK1	1296_272	-1.9935	0.0781
ptmsea	AKT1	1296_272	3.3843	0.01
