statistic	source	condition	score	p_value
ptmsea	PRKD1	1297_272	1.5058	0.1739
ptmsea	PRKACA	1297_272	1.7171	0.1591
ptmsea	PAK1	1297_272	1.4467	0.2368
ptmsea	RPS6KB1	1297_272	-1.989	0.093
ptmsea	MTOR	1297_272	0.2464	0.8983
ptmsea	MAPKAPK2	1297_272	2.8974	0.01
ptmsea	GSK3B	1297_272	-0.3016	0.7826
ptmsea	MAPK1	1297_272	0.6994	0.5614
ptmsea	MAPK3	1297_272	0.518	0.7692
ptmsea	CSNK2A1	1297_272	-3.4658	0.01
ptmsea	CDK5	1297_272	2.1197	0.0182
ptmsea	CDK2	1297_272	-0.1314	0.8889
ptmsea	CDK1	1297_272	-1.2375	0.3673
ptmsea	AKT1	1297_272	3.5386	0.01
