statistic	source	condition	score	p_value
ptmsea	PRKD1	1298_272	1.4544	0.2927
ptmsea	PRKACA	1298_272	2.1683	0.0816
ptmsea	PAK1	1298_272	-1.0095	0.4314
ptmsea	RPS6KB1	1298_272	0.8646	0.4318
ptmsea	MTOR	1298_272	-1.3452	0.3269
ptmsea	MAPKAPK2	1298_272	2.282	0.01
ptmsea	GSK3B	1298_272	-2.4299	0.01
ptmsea	MAPK1	1298_272	-1.9943	0.1296
ptmsea	MAPK3	1298_272	-1.2647	0.3256
ptmsea	CSNK2A1	1298_272	-2.0586	0.0208
ptmsea	CDK5	1298_272	-0.14	0.9216
ptmsea	CDK2	1298_272	-3.2945	0.01
ptmsea	CDK1	1298_272	-0.5559	0.56
ptmsea	AKT1	1298_272	1.9132	0.0417
