statistic	source	condition	score	p_value
ptmsea	PRKD1	1299_272	0.4973	0.7778
ptmsea	PRKACA	1299_272	-0.575	0.6032
ptmsea	PAK1	1299_272	-1.9136	0.122
ptmsea	RPS6KB1	1299_272	-0.8254	0.5532
ptmsea	MTOR	1299_272	-3.8054	0.01
ptmsea	MAPKAPK2	1299_272	3.2957	0.01
ptmsea	GSK3B	1299_272	-3.0125	0.0185
ptmsea	MAPK1	1299_272	-1.9662	0.0426
ptmsea	MAPK3	1299_272	-3.0948	0.01
ptmsea	CSNK2A1	1299_272	-2.6258	0.0408
ptmsea	CDK5	1299_272	2.4563	0.01
ptmsea	CDK2	1299_272	-0.9658	0.4681
ptmsea	CDK1	1299_272	-0.4255	0.7037
ptmsea	AKT1	1299_272	-0.3812	0.7955
