statistic	source	condition	score	p_value
ptmsea	PRKD1	1300_272	-2.304	0.0566
ptmsea	PRKACA	1300_272	0.8288	0.549
ptmsea	PAK1	1300_272	-1.8665	0.0943
ptmsea	RPS6KB1	1300_272	-1.727	0.1591
ptmsea	MTOR	1300_272	1.3241	0.2941
ptmsea	MAPKAPK2	1300_272	-0.7704	0.5
ptmsea	GSK3B	1300_272	-2.0019	0.1321
ptmsea	MAPK1	1300_272	1.258	0.383
ptmsea	MAPK3	1300_272	2.2277	0.0238
ptmsea	CSNK2A1	1300_272	0.6649	0.5686
ptmsea	CDK5	1300_272	2.4268	0.02
ptmsea	CDK2	1300_272	2.0666	0.0638
ptmsea	CDK1	1300_272	1.6364	0.1607
ptmsea	AKT1	1300_272	-0.3995	0.84
