statistic	source	condition	score	p_value
ptmsea	PRKD1	1301_272	-2.9022	0.01
ptmsea	PRKACA	1301_272	0.5123	0.6981
ptmsea	PAK1	1301_272	-1.3475	0.3095
ptmsea	RPS6KB1	1301_272	-1.2222	0.3478
ptmsea	MTOR	1301_272	1.8838	0.0227
ptmsea	MAPKAPK2	1301_272	-1.0817	0.4634
ptmsea	GSK3B	1301_272	-1.7697	0.1481
ptmsea	MAPK1	1301_272	0.6034	0.6545
ptmsea	MAPK3	1301_272	0.5754	0.76
ptmsea	CSNK2A1	1301_272	0.8127	0.4255
ptmsea	CDK5	1301_272	2.7002	0.0233
ptmsea	CDK2	1301_272	2.5088	0.0408
ptmsea	CDK1	1301_272	-1.1774	0.3778
ptmsea	AKT1	1301_272	-3.0439	0.0204
