statistic	source	condition	score	p_value
ptmsea	PRKD1	1302_272	-1.9066	0.1538
ptmsea	PRKACA	1302_272	0.0188	1
ptmsea	PAK1	1302_272	-2.1744	0.1163
ptmsea	RPS6KB1	1302_272	-2.6154	0.0182
ptmsea	MTOR	1302_272	-2.4425	0.08
ptmsea	MAPKAPK2	1302_272	0.1045	0.9756
ptmsea	GSK3B	1302_272	-2.0706	0.0577
ptmsea	MAPK1	1302_272	-1.2291	0.3333
ptmsea	MAPK3	1302_272	-1.0167	0.4468
ptmsea	CSNK2A1	1302_272	-0.6459	0.5818
ptmsea	CDK5	1302_272	2.3755	0.01
ptmsea	CDK2	1302_272	-0.1669	0.9796
ptmsea	CDK1	1302_272	0.6281	0.6034
ptmsea	AKT1	1302_272	-2.0797	0.0847
