statistic	source	condition	score	p_value
ptmsea	PRKD1	1303_272	-1.4558	0.2683
ptmsea	PRKACA	1303_272	0.3116	0.8868
ptmsea	PAK1	1303_272	-2.3297	0.08
ptmsea	RPS6KB1	1303_272	-0.8965	0.4894
ptmsea	MTOR	1303_272	-0.1325	0.9608
ptmsea	MAPKAPK2	1303_272	-0.416	0.7222
ptmsea	GSK3B	1303_272	-2.8582	0.02
ptmsea	MAPK1	1303_272	0.5554	0.6346
ptmsea	MAPK3	1303_272	0.0419	0.98
ptmsea	CSNK2A1	1303_272	0.318	0.8361
ptmsea	CDK5	1303_272	2.5027	0.01
ptmsea	CDK2	1303_272	1.0476	0.4118
ptmsea	CDK1	1303_272	2.3001	0.05
ptmsea	AKT1	1303_272	0.9013	0.5
