statistic	source	condition	score	p_value
ptmsea	PRKD1	1304_272	-2.5454	0.01
ptmsea	PRKACA	1304_272	0.1763	0.8958
ptmsea	PAK1	1304_272	-1.2543	0.3571
ptmsea	RPS6KB1	1304_272	-2.6798	0.01
ptmsea	MTOR	1304_272	1.1278	0.383
ptmsea	MAPKAPK2	1304_272	-3.6257	0.01
ptmsea	GSK3B	1304_272	0.0811	0.94
ptmsea	MAPK1	1304_272	-0.0206	1
ptmsea	MAPK3	1304_272	0.6933	0.6304
ptmsea	CSNK2A1	1304_272	-1.7718	0.1538
ptmsea	CDK5	1304_272	3.3929	0.01
ptmsea	CDK2	1304_272	4.2744	0.01
ptmsea	CDK1	1304_272	-1.3088	0.2909
ptmsea	AKT1	1304_272	-1.2888	0.3148
