statistic	source	condition	score	p_value
ptmsea	PRKD1	1305_272	-2.2331	0.0909
ptmsea	PRKACA	1305_272	-0.5647	0.6481
ptmsea	PAK1	1305_272	-1.3341	0.2308
ptmsea	RPS6KB1	1305_272	-3.2472	0.01
ptmsea	MTOR	1305_272	-1.7397	0.1633
ptmsea	MAPKAPK2	1305_272	-2.6395	0.01
ptmsea	GSK3B	1305_272	1.6681	0.14
ptmsea	MAPK1	1305_272	1.9433	0.0702
ptmsea	MAPK3	1305_272	1.4951	0.2623
ptmsea	CSNK2A1	1305_272	-0.33	0.8444
ptmsea	CDK5	1305_272	2.3609	0.01
ptmsea	CDK2	1305_272	-1.5297	0.1875
ptmsea	CDK1	1305_272	-1.4824	0.2791
ptmsea	AKT1	1305_272	-2.2116	0.04
