statistic	source	condition	score	p_value
ptmsea	PRKD1	1308_272	-1.8875	0.1
ptmsea	PRKACA	1308_272	0.6377	0.6429
ptmsea	PAK1	1308_272	-1.6768	0.1364
ptmsea	RPS6KB1	1308_272	-2.8878	0.01
ptmsea	MTOR	1308_272	0.2161	0.8814
ptmsea	MAPKAPK2	1308_272	-2.6628	0.0476
ptmsea	GSK3B	1308_272	0.0696	0.9762
ptmsea	MAPK1	1308_272	1.2636	0.3182
ptmsea	MAPK3	1308_272	3.4952	0.01
ptmsea	CSNK2A1	1308_272	-0.5663	0.6981
ptmsea	CDK5	1308_272	2.6332	0.01
ptmsea	CDK2	1308_272	1.0068	0.4821
ptmsea	CDK1	1308_272	0.2877	0.8462
ptmsea	AKT1	1308_272	-0.3956	0.7872
