statistic	source	condition	score	p_value
ptmsea	PRKD1	1309_272	-1.7386	0.0851
ptmsea	PRKACA	1309_272	0.499	0.75
ptmsea	PAK1	1309_272	-0.6062	0.7447
ptmsea	RPS6KB1	1309_272	-2.5366	0.01
ptmsea	MTOR	1309_272	0.869	0.5208
ptmsea	MAPKAPK2	1309_272	-2.3878	0.01
ptmsea	GSK3B	1309_272	-0.2154	0.875
ptmsea	MAPK1	1309_272	0.3844	0.717
ptmsea	MAPK3	1309_272	1.7086	0.2222
ptmsea	CSNK2A1	1309_272	0.2841	0.7907
ptmsea	CDK5	1309_272	2.3568	0.0204
ptmsea	CDK2	1309_272	-1.002	0.4423
ptmsea	CDK1	1309_272	-1.4042	0.2075
ptmsea	AKT1	1309_272	-2.7845	0.01
