statistic	source	condition	score	p_value
ptmsea	PRKD1	1321_277	-0.4947	0.6829
ptmsea	PRKCI	1321_277	0.0476	0.9649
ptmsea	PRKACA	1321_277	-0.3905	0.8333
ptmsea	PAK1	1321_277	1.5262	0.2449
ptmsea	MAPK8	1321_277	-2.5453	0.01
ptmsea	MAPK1	1321_277	-2.3135	0.0357
ptmsea	CSNK2A1	1321_277	-1.2825	0.234
ptmsea	CDK6	1321_277	1.2792	0.3519
ptmsea	CDK5	1321_277	1.4119	0.2545
ptmsea	CDK4	1321_277	2.1258	0.1071
ptmsea	CDK2	1321_277	0.6882	0.5714
ptmsea	CDK1	1321_277	1.4044	0.2979
ptmsea	AKT1	1321_277	-1.1594	0.3778
