statistic	source	condition	score	p_value
ptmsea	PRKD1	1322_277	-1.5785	0.1765
ptmsea	PLK1	1322_277	-2.3857	0.0566
ptmsea	PRKCI	1322_277	1.4718	0.2245
ptmsea	PRKACA	1322_277	0.7515	0.6078
ptmsea	PAK1	1322_277	0.2213	0.8036
ptmsea	CSNK2A1	1322_277	1.2055	0.3269
ptmsea	CDK6	1322_277	-0.8907	0.5577
ptmsea	CDK5	1322_277	0.6402	0.6458
ptmsea	CDK4	1322_277	0.2167	0.7838
ptmsea	CDK2	1322_277	-1.0186	0.4528
ptmsea	CDK1	1322_277	0.1461	0.8958
ptmsea	PRKAA1	1322_277	2.0445	0.0727
ptmsea	AKT1	1322_277	-1.3661	0.25
