statistic	source	condition	score	p_value
ptmsea	PRKD1	1325_277	-2.9733	0.01
ptmsea	PLK1	1325_277	-0.9352	0.4902
ptmsea	PRKCI	1325_277	1.8008	0.0625
ptmsea	PRKACA	1325_277	0.351	0.7818
ptmsea	PAK1	1325_277	0.8361	0.5882
ptmsea	CSNK2A1	1325_277	0.1848	0.9508
ptmsea	CDK6	1325_277	-0.7671	0.5185
ptmsea	CDK5	1325_277	2.0115	0.1176
ptmsea	CDK4	1325_277	-0.9703	0.45
ptmsea	CDK2	1325_277	-1.2464	0.3333
ptmsea	CDK1	1325_277	0.5532	0.6364
ptmsea	PRKAA1	1325_277	2.8438	0.01
ptmsea	AKT1	1325_277	-1.2378	0.2857
