statistic	source	condition	score	p_value
ptmsea	PRKD1	1327_277	-3.481	0.01
ptmsea	PRKCI	1327_277	-0.3215	0.7959
ptmsea	PRKACA	1327_277	-2.5913	0.0196
ptmsea	PAK1	1327_277	-1.3748	0.2979
ptmsea	MAPK8	1327_277	0.4256	0.75
ptmsea	MAPK1	1327_277	-2.897	0.0182
ptmsea	CSNK2A1	1327_277	-1.0682	0.3889
ptmsea	CDK6	1327_277	-1.8708	0.1765
ptmsea	CDK5	1327_277	0.4379	0.6087
ptmsea	CDK4	1327_277	-2.6575	0.0566
ptmsea	CDK2	1327_277	-0.0011	1
ptmsea	CDK1	1327_277	1.7939	0.1373
ptmsea	AKT1	1327_277	-3.0141	0.0256
