statistic	source	condition	score	p_value
ptmsea	PRKD1	1328_277	-2.587	0.01
ptmsea	PLK1	1328_277	0.6517	0.6038
ptmsea	PRKCI	1328_277	1.7161	0.1452
ptmsea	PRKACA	1328_277	-1.4134	0.2281
ptmsea	PAK1	1328_277	1.1786	0.3404
ptmsea	CSNK2A1	1328_277	0.1862	0.8511
ptmsea	CDK6	1328_277	0.9695	0.5102
ptmsea	CDK5	1328_277	3.2017	0.01
ptmsea	CDK4	1328_277	-0.4514	0.6875
ptmsea	CDK2	1328_277	0.5024	0.7167
ptmsea	CDK1	1328_277	1.2211	0.3478
ptmsea	PRKAA1	1328_277	1.5769	0.2449
ptmsea	AKT1	1328_277	0.45	0.7143
