statistic	source	condition	score	p_value
ptmsea	RPS6KA3	387_117	-1.0373000000000001	0.4792
ptmsea	PRKD1	387_117	0.9131	0.4565
ptmsea	PLK1	387_117	0.2191	0.8431
ptmsea	PRKCI	387_117	-0.0731	0.9057
ptmsea	PRKACA	387_117	-2.1567	0.1154
ptmsea	PAK1	387_117	2.0499	0.0769
ptmsea	RPS6KA1	387_117	-2.7516	0.01
ptmsea	RPS6KB1	387_117	-3.6542	0.01
ptmsea	MAPK14	387_117	0.1694	0.913
ptmsea	MTOR	387_117	-4.05	0.01
ptmsea	MAPKAPK2	387_117	0.9701	0.4314
ptmsea	MAPK9	387_117	-2.4671	0.01
ptmsea	MAPK8	387_117	-2.5022	0.0217
ptmsea	GSK3B	387_117	-2.6959	0.025
ptmsea	MAPK1	387_117	-2.3327	0.0417
ptmsea	MAPK3	387_117	-2.921	0.0426
ptmsea	CSNK2A1	387_117	-0.2084	0.8704
ptmsea	CHEK1	387_117	0.8652	0.5532
ptmsea	CDK6	387_117	-1.4241	0.2826
ptmsea	CDK5	387_117	1.2856	0.3455
ptmsea	CDK4	387_117	-1.931	0.1346
ptmsea	CDK3	387_117	-1.2563	0.3333
ptmsea	CDK2	387_117	-1.7351	0.1961
ptmsea	CDK1	387_117	-5.4074	0.01
ptmsea	CDC7	387_117	1.1667	0.4091
ptmsea	AURKB	387_117	-0.6311	0.7381
ptmsea	ATR	387_117	-1.278	0.3077
ptmsea	ATM	387_117	1.5086	0.2
ptmsea	PRKAA1	387_117	2.5283	0.01
ptmsea	AKT2	387_117	0.8439	0.569
ptmsea	AKT1	387_117	-1.7894	0.1
