statistic	source	condition	score	p_value
ptmsea	RPS6KA3	390_120	3.6644	0.01
ptmsea	PRKD1	390_120	3.7898	0.01
ptmsea	PLK1	390_120	-3.4713	0.01
ptmsea	PRKCI	390_120	-1.1939	0.3455
ptmsea	PRKACA	390_120	2.4499	0.01
ptmsea	PAK1	390_120	0.045	0.9574
ptmsea	RPS6KA1	390_120	3.1591	0.01
ptmsea	RPS6KB1	390_120	3.368	0.0172
ptmsea	MTOR	390_120	1.3464	0.2889
ptmsea	MAPKAPK2	390_120	2.8662	0.01
ptmsea	MAPK1	390_120	0.5451	0.6522
ptmsea	CSNK2A1	390_120	3.3668	0.01
ptmsea	CDK5	390_120	-2.5861	0.01
ptmsea	CDK2	390_120	-1.9239	0.1458
ptmsea	CDK1	390_120	-3.5453	0.01
ptmsea	CDC7	390_120	1.5634	0.2157
ptmsea	PRKAA1	390_120	-0.1745	0.8462
ptmsea	AKT1	390_120	0.7444	0.6042
