statistic	source	condition	score	p_value
ptmsea	PRKD1	399_129	3.1052	0.01
ptmsea	PRKACA	399_129	2.6426	0.0789
ptmsea	RPS6KB1	399_129	-0.3189	0.814
ptmsea	MTOR	399_129	0.2639	0.8627
ptmsea	MAPK9	399_129	4.3147	0.01
ptmsea	MAPK8	399_129	3.8486	0.01
ptmsea	GSK3B	399_129	-1.1838	0.3261
ptmsea	MAPK1	399_129	2.8356	0.0175
ptmsea	MAPK3	399_129	2.298	0.1
ptmsea	CSNK2A1	399_129	2.7886	0.01
ptmsea	CDK6	399_129	-2.2396	0.01
ptmsea	CDK5	399_129	-2.8244	0.01
ptmsea	CDK4	399_129	-3.4445	0.01
ptmsea	CDK2	399_129	-5.3605	0.01
ptmsea	CDK1	399_129	-7.4387	0.01
ptmsea	ATR	399_129	3.6639	0.01
ptmsea	AKT1	399_129	2.2197	0.0566
