statistic	source	condition	score	p_value
ptmsea	PLK1	426_153	1.1591	0.4182
ptmsea	PRKACA	426_153	3.3963	0.01
ptmsea	RPS6KB1	426_153	3.682	0.01
ptmsea	MTOR	426_153	0.2843	0.86
ptmsea	MAPK9	426_153	3.2712	0.01
ptmsea	MAPK8	426_153	4.0241	0.01
ptmsea	GSK3B	426_153	0.5906	0.6522
ptmsea	MAPK1	426_153	2.5425	0.06
ptmsea	MAPK3	426_153	4.4647	0.01
ptmsea	CSNK2A1	426_153	0.2665	0.86
ptmsea	CDK5	426_153	-3.244	0.0222
ptmsea	CDK4	426_153	-0.0792	0.9804
ptmsea	CDK2	426_153	-2.1929	0.0755
ptmsea	CDK1	426_153	0.3621	0.7727
ptmsea	AURKB	426_153	-0.6387	0.6364
ptmsea	PRKAA1	426_153	0.101	0.9111
ptmsea	AKT1	426_153	2.2178	0.0833
