statistic	source	condition	score	p_value
ptmsea	PLK1	429_153	-2.3961	0.0556
ptmsea	PRKACA	429_153	1.5558	0.1887
ptmsea	RPS6KB1	429_153	2.3913	0.0465
ptmsea	MTOR	429_153	-4.2964	0.01
ptmsea	MAPK9	429_153	2.5828	0.01
ptmsea	MAPK8	429_153	3.395	0.01
ptmsea	GSK3B	429_153	1.7168	0.1071
ptmsea	MAPK1	429_153	3.9766	0.0213
ptmsea	MAPK3	429_153	4.2255	0.01
ptmsea	CSNK2A1	429_153	2.3845	0.0161
ptmsea	CDK5	429_153	0.2728	0.875
ptmsea	CDK4	429_153	3.2255	0.01
ptmsea	CDK2	429_153	2.0328	0.0943
ptmsea	CDK1	429_153	0.2491	0.8654
ptmsea	AURKB	429_153	-0.7809	0.6136
ptmsea	PRKAA1	429_153	-2.2957	0.0408
ptmsea	AKT1	429_153	-0.6121	0.7073
