statistic	source	condition	score	p_value
ptmsea	PLK1	96_36	-2.5016	0.1395
ptmsea	PRKACA	96_36	-1.3582	0.2727
ptmsea	RPS6KB1	96_36	-4.8854	0.01
ptmsea	MTOR	96_36	-3.4757	0.01
ptmsea	MAPK1	96_36	-1.2125	0.3519
ptmsea	CSNK2A1	96_36	-0.4054	0.7455
ptmsea	CDK6	96_36	2.0535	0.08
ptmsea	CDK5	96_36	-0.2501	0.8511
ptmsea	CDK4	96_36	1.5954	0.2308
ptmsea	CDK2	96_36	-0.6413	0.5294
ptmsea	CDK1	96_36	0.6514	0.5862
ptmsea	AURKB	96_36	0.2895	0.8644
ptmsea	PRKAA1	96_36	-1.4793	0.3137
ptmsea	AKT1	96_36	-1.1543	0.2821
