statistic	source	condition	score	p_value
ptmsea	PLK1	99_36	1.4174	0.2632
ptmsea	PRKACA	99_36	-2.0059	0.0909
ptmsea	RPS6KB1	99_36	-4.5101	0.01
ptmsea	MTOR	99_36	-3.2444	0.01
ptmsea	MAPK1	99_36	0.3608	0.7907
ptmsea	CSNK2A1	99_36	2.7053	0.02
ptmsea	CDK6	99_36	0.5325	0.6818
ptmsea	CDK5	99_36	-2.7621000000000002	0.0196
ptmsea	CDK4	99_36	1.0309	0.4386
ptmsea	CDK2	99_36	4.0192	0.01
ptmsea	CDK1	99_36	3.0396	0.01
ptmsea	AURKB	99_36	3.7804	0.01
ptmsea	PRKAA1	99_36	-1.7413	0.1636
ptmsea	AKT1	99_36	-1.4158	0.3
